id,neighborhood,property_type,bedrooms,sqft,garden,price,price_per_sqm,distance_to_esk,distance_to_center,avg_employer_distance,esk_suitability_score,safety_score,international_community_score,family_amenities_score,public_transport_score,current_esk_families,commute_time_esk,lat,lon
ESKAR_001,Südstadt,apartment,4,62,0,291327,4683,1.5,1.1,10.4,8.3,8.8,8.2,8.5,9.0,38,15,49.003189,8.417388
ESKAR_002,Weststadt,apartment,4,75,0,237331,3144,2.4,2.0,11.0,8.4,9.2,8.5,9.0,8.8,45,12,49.001648,8.377329
ESKAR_003,Südstadt,house,4,123,1,498610,4058,2.5,1.8,11.3,8.3,8.8,8.2,8.5,9.0,38,15,48.992576,8.415685
ESKAR_004,Weststadt,apartment,3,93,0,392419,4217,3.2,2.9,11.6,7.8,9.2,8.5,9.0,8.8,45,12,49.001746,8.36469
ESKAR_005,Innenstadt-West,apartment,2,77,1,315607,4117,0.7,0.2,9.9,8.3,8.5,7.5,7.8,9.5,28,8,49.006845,8.406038
ESKAR_006,Weststadt,apartment,3,95,1,421132,4411,2.4,2.5,10.4,8.5,9.2,8.5,9.0,8.8,45,12,49.015718,8.371965
ESKAR_007,Südstadt,house,4,86,1,340862,3957,2.5,1.8,11.5,8.3,8.8,8.2,8.5,9.0,38,15,48.991194,8.398561
ESKAR_008,Weststadt,apartment,4,105,1,439693,4205,3.2,3.3,11.0,7.9,9.2,8.5,9.0,8.8,45,12,49.015777,8.361112
ESKAR_009,Durlach,apartment,3,86,0,370663,4332,6.4,6.2,13.2,6.8,9.0,7.0,9.2,7.5,22,25,48.992796,8.485888
ESKAR_010,Oststadt,apartment,2,114,0,563211,4926,1.2,1.7,9.5,7.8,8.3,7.2,8.0,8.0,15,18,49.017956,8.419463
ESKAR_011,Südstadt,apartment,2,55,0,241300,4425,1.1,1.0,9.9,8.2,8.8,8.2,8.5,9.0,38,15,49.010425,8.390405
ESKAR_012,Südstadt,apartment,3,85,0,373265,4407,2.0,1.3,11.0,8.2,8.8,8.2,8.5,9.0,38,15,48.995731,8.407431
ESKAR_013,Durlach,house,4,195,1,700421,3594,4.6,4.4,12.0,7.5,9.0,7.0,9.2,7.5,22,25,48.998656,8.463169
ESKAR_014,Weststadt,apartment,4,50,0,203201,4064,2.6,2.6,10.9,8.5,9.2,8.5,9.0,8.8,45,12,49.010355,8.368559
ESKAR_015,Oststadt,house,3,102,1,406465,3974,1.5,2.1,9.5,8.0,8.3,7.2,8.0,8.0,15,18,49.02404,8.391218
ESKAR_016,Weststadt,house,4,114,1,523787,4609,2.6,2.4,10.9,8.4,9.2,8.5,9.0,8.8,45,12,49.006939,8.370815
ESKAR_017,Weststadt,apartment,5,109,1,415815,3808,2.4,1.8,11.3,8.4,9.2,8.5,9.0,8.8,45,12,48.995402,8.385565
ESKAR_018,Südstadt,apartment,4,68,1,261278,3843,2.3,1.9,11.0,8.3,8.8,8.2,8.5,9.0,38,15,49.000769,8.378842
ESKAR_019,Weststadt,apartment,4,90,0,426175,4723,3.6,3.4,11.8,7.9,9.2,8.5,9.0,8.8,45,12,49.003245,8.357765
ESKAR_020,Innenstadt-West,house,5,124,0,511503,4109,1.7,1.0,10.7,8.1,8.5,7.5,7.8,9.5,28,8,48.998045,8.405903
ESKAR_021,Durlach,apartment,3,82,1,329368,4022,5.7,5.6,12.8,7.0,9.0,7.0,9.2,7.5,22,25,48.994841,8.477598
ESKAR_022,Weststadt,house,4,165,0,679403,4125,2.0,2.3,10.1,8.5,9.2,8.5,9.0,8.8,45,12,49.019071,8.378096
ESKAR_023,Weststadt,house,3,182,1,897251,4931,3.4,3.6,11.0,7.9,9.2,8.5,9.0,8.8,45,12,49.020151,8.35908
ESKAR_024,Weststadt,apartment,4,101,0,412274,4098,2.5,2.7,10.5,8.5,9.2,8.5,9.0,8.8,45,12,49.016305,8.370019
ESKAR_025,Weststadt,house,5,175,1,940804,5372,2.4,2.2,10.9,8.4,9.2,8.5,9.0,8.8,45,12,49.004504,8.373895
ESKAR_026,Südstadt,apartment,2,66,0,296922,4504,2.0,1.9,10.4,8.1,8.8,8.2,8.5,9.0,38,15,49.009772,8.377637
ESKAR_027,Oststadt,apartment,5,87,1,267934,3083,0.5,1.2,9.4,8.3,8.3,7.2,8.0,8.0,15,18,49.017403,8.407298
ESKAR_028,Durlach,house,2,168,1,620235,3683,4.4,4.3,11.9,7.4,9.0,7.0,9.2,7.5,22,25,48.997825,8.460442
ESKAR_029,Innenstadt-West,apartment,2,116,1,679597,5837,0.8,0.5,9.9,8.3,8.5,7.5,7.8,9.5,28,8,49.007414,8.409946
ESKAR_030,Südstadt,house,4,152,1,1008517,6627,1.2,0.5,10.3,8.3,8.8,8.2,8.5,9.0,38,15,49.002572,8.401426
ESKAR_031,Durlach,apartment,4,96,0,349287,3646,4.5,4.4,11.9,7.5,9.0,7.0,9.2,7.5,22,25,48.998662,8.462108
ESKAR_032,Südstadt,house,3,68,1,334499,4886,1.7,1.3,10.5,8.3,8.8,8.2,8.5,9.0,38,15,49.003573,8.386621
ESKAR_033,Weststadt,apartment,4,104,0,412776,3979,3.1,2.6,11.8,7.9,9.2,8.5,9.0,8.8,45,12,48.994191,8.374384
ESKAR_034,Südstadt,apartment,4,90,0,428126,4737,1.8,1.5,10.5,8.3,8.8,8.2,8.5,9.0,38,15,49.004421,8.383773
ESKAR_035,Südstadt,house,2,109,0,413418,3788,1.3,1.7,9.8,8.2,8.8,8.2,8.5,9.0,38,15,49.016613,8.386576
ESKAR_036,Südstadt,apartment,4,99,0,387283,3895,2.5,2.6,10.5,8.3,8.8,8.2,8.5,9.0,38,15,49.016514,8.370909
ESKAR_037,Südstadt,apartment,2,84,0,298821,3555,4.4,4.5,11.8,7.5,8.8,8.2,8.5,9.0,38,15,49.01872,8.345081
ESKAR_038,Weststadt,apartment,3,129,0,466084,3625,1.0,1.6,9.4,8.7,9.2,8.5,9.0,8.8,45,12,49.020133,8.395319
ESKAR_039,Südstadt,apartment,4,85,0,392173,4617,1.6,0.9,10.6,8.3,8.8,8.2,8.5,9.0,38,15,49.000609,8.395403
ESKAR_040,Südstadt,apartment,3,107,0,408076,3808,1.5,0.8,10.5,8.2,8.8,8.2,8.5,9.0,38,15,49.00071,8.397915
ESKAR_041,Weststadt,house,4,115,1,556324,4833,1.7,1.3,10.5,8.5,9.2,8.5,9.0,8.8,45,12,49.003345,8.387194
ESKAR_042,Innenstadt-West,apartment,3,104,1,532325,5129,1.7,1.1,10.7,8.1,8.5,7.5,7.8,9.5,28,8,48.999799,8.393386
ESKAR_043,Südstadt,apartment,3,129,1,542755,4213,2.1,1.4,11.0,8.3,8.8,8.2,8.5,9.0,38,15,48.995605,8.413282
ESKAR_044,Weststadt,apartment,3,83,1,399783,4804,2.6,2.2,11.2,8.4,9.2,8.5,9.0,8.8,45,12,49.000769,8.375155
ESKAR_045,Innenstadt-West,apartment,3,120,1,662482,5515,2.1,1.3,11.1,8.1,8.5,7.5,7.8,9.5,28,8,48.994933,8.403062
ESKAR_046,Weststadt,apartment,2,50,1,209870,4197,3.4,3.7,10.7,7.9,9.2,8.5,9.0,8.8,45,12,49.024604,8.361318
ESKAR_047,Weststadt,apartment,4,79,1,361281,4564,2.8,2.7,11.0,8.4,9.2,8.5,9.0,8.8,45,12,49.008938,8.366634
ESKAR_048,Weststadt,apartment,3,119,1,507385,4269,3.3,3.0,11.7,7.9,9.2,8.5,9.0,8.8,45,12,49.002126,8.362923
ESKAR_049,Durlach,apartment,3,82,0,259964,3153,5.7,5.6,12.7,6.9,9.0,7.0,9.2,7.5,22,25,48.996854,8.478541
ESKAR_050,Innenstadt-West,apartment,5,54,1,271966,5050,1.7,1.1,10.7,8.1,8.5,7.5,7.8,9.5,28,8,48.998459,8.397061
ESKAR_051,Weststadt,apartment,5,147,0,600536,4088,0.3,0.5,9.7,8.8,9.2,8.5,9.0,8.8,45,12,49.010962,8.405998
ESKAR_052,Südstadt,apartment,2,87,0,333414,3822,1.7,1.7,10.3,8.2,8.8,8.2,8.5,9.0,38,15,49.009763,8.381104
ESKAR_053,Südstadt,house,3,63,1,286342,4510,2.1,1.8,10.7,8.3,8.8,8.2,8.5,9.0,38,15,49.003625,8.380224
ESKAR_054,Oststadt,apartment,5,109,0,402630,3709,2.7,3.2,9.7,8.0,8.3,7.2,8.0,8.0,15,18,49.024767,8.437692
ESKAR_055,Mühlburg,house,3,154,1,619354,4031,3.1,3.2,11.0,7.3,8.0,6.8,8.2,7.8,12,20,49.016036,8.361982
ESKAR_056,Südstadt,house,2,150,1,636028,4230,1.4,0.8,10.4,8.2,8.8,8.2,8.5,9.0,38,15,49.003023,8.393779
ESKAR_057,Durlach,apartment,4,82,0,318656,3878,6.3,6.0,13.8,6.9,9.0,7.0,9.2,7.5,22,25,48.980909,8.475504
ESKAR_058,Weststadt,apartment,4,69,0,325734,4700,1.2,0.6,10.2,8.5,9.2,8.5,9.0,8.8,45,12,49.003861,8.396967
ESKAR_059,Südstadt,apartment,3,116,0,585521,5062,1.3,0.6,10.4,8.2,8.8,8.2,8.5,9.0,38,15,49.001661,8.403381
ESKAR_060,Innenstadt-West,house,2,71,1,395043,5582,1.4,1.9,9.6,8.1,8.5,7.5,7.8,9.5,28,8,49.021343,8.389659
ESKAR_061,Südstadt,apartment,3,115,1,477054,4165,2.9,2.6,11.3,8.3,8.8,8.2,8.5,9.0,38,15,49.003307,8.368149
ESKAR_062,Südstadt,apartment,3,118,0,425971,3608,3.1,2.4,12.1,7.6,8.8,8.2,8.5,9.0,38,15,48.985588,8.399199
ESKAR_063,Weststadt,house,4,222,0,863376,3886,3.0,2.8,11.4,7.9,9.2,8.5,9.0,8.8,45,12,49.003706,8.365746
ESKAR_064,Weststadt,house,2,83,1,383800,4644,0.9,0.2,10.0,8.7,9.2,8.5,9.0,8.8,45,12,49.004985,8.403171
ESKAR_065,Weststadt,apartment,4,111,1,448373,4029,3.2,2.9,11.6,7.9,9.2,8.5,9.0,8.8,45,12,49.000696,8.365742
ESKAR_066,Südstadt,apartment,4,74,1,326792,4396,3.9,3.2,12.9,7.7,8.8,8.2,8.5,9.0,38,15,48.978079,8.402348
ESKAR_067,Südstadt,apartment,2,128,0,403069,3147,4.5,3.8,13.4,7.4,8.8,8.2,8.5,9.0,38,15,48.975433,8.382355
ESKAR_068,Weststadt,house,3,109,1,570548,5231,1.2,0.5,10.2,8.5,9.2,8.5,9.0,8.8,45,12,49.003392,8.399007
ESKAR_069,Durlach,apartment,2,149,1,548455,3672,4.0,4.0,11.2,7.5,9.0,7.0,9.2,7.5,22,25,49.007045,8.458141
ESKAR_070,Weststadt,house,4,63,1,303438,4782,3.8,3.9,11.4,7.9,9.2,8.5,9.0,8.8,45,12,49.016313,8.352721
ESKAR_071,Weststadt,house,3,125,1,481474,3860,2.5,2.2,11.1,8.4,9.2,8.5,9.0,8.8,45,12,49.002765,8.374428
ESKAR_072,Südstadt,apartment,2,100,1,466450,4676,2.1,1.6,11.0,8.2,8.8,8.2,8.5,9.0,38,15,48.999151,8.385048
ESKAR_073,Weststadt,apartment,5,141,0,675428,4787,3.2,3.4,10.6,8.0,9.2,8.5,9.0,8.8,45,12,49.023096,8.363761
ESKAR_074,Weststadt,apartment,3,79,0,260020,3311,1.9,1.5,10.6,8.4,9.2,8.5,9.0,8.8,45,12,49.003833,8.383279
ESKAR_075,Weststadt,apartment,3,86,0,347594,4028,1.6,1.2,10.5,8.4,9.2,8.5,9.0,8.8,45,12,49.002825,8.388794
ESKAR_076,Weststadt,apartment,4,72,0,322135,4479,2.6,3.1,9.7,8.5,9.2,8.5,9.0,8.8,45,12,49.031238,8.382356
ESKAR_077,Durlach,apartment,2,94,0,331353,3516,5.4,5.3,12.5,6.8,9.0,7.0,9.2,7.5,22,25,48.997794,8.474999
ESKAR_078,Südstadt,apartment,2,75,0,295648,3935,0.9,0.3,10.0,8.4,8.8,8.2,8.5,9.0,38,15,49.005883,8.399617
ESKAR_079,Innenstadt-West,apartment,3,83,1,356112,4278,3.0,3.1,10.9,7.6,8.5,7.5,7.8,9.5,28,8,49.016376,8.363128
ESKAR_080,Südstadt,house,4,77,1,215548,2807,1.5,0.8,10.5,8.3,8.8,8.2,8.5,9.0,38,15,49.000161,8.406141
ESKAR_081,Oststadt,apartment,2,94,0,352182,3741,1.5,1.8,9.7,7.8,8.3,7.2,8.0,8.0,15,18,49.015689,8.425077
ESKAR_082,Innenstadt-West,apartment,4,78,0,358104,4602,0.3,0.5,9.7,8.5,8.5,7.5,7.8,9.5,28,8,49.010938,8.406155
ESKAR_083,Weststadt,apartment,4,81,1,320508,3942,2.5,2.6,10.6,8.5,9.2,8.5,9.0,8.8,45,12,49.015191,8.369652
ESKAR_084,Durlach,house,3,179,1,823754,4613,5.6,5.6,12.1,7.0,9.0,7.0,9.2,7.5,22,25,49.006636,8.479902
ESKAR_085,Weststadt,house,2,147,1,642094,4373,1.5,1.7,9.9,8.4,9.2,8.5,9.0,8.8,45,12,49.015256,8.383515
ESKAR_086,Weststadt,apartment,3,85,1,435087,5123,2.2,2.1,10.7,8.5,9.2,8.5,9.0,8.8,45,12,49.007369,8.375341
ESKAR_087,Innenstadt-West,apartment,4,96,0,447930,4654,2.2,1.6,11.1,8.1,8.5,7.5,7.8,9.5,28,8,48.995502,8.417598
ESKAR_088,Oststadt,apartment,3,153,0,573125,3735,1.0,1.4,9.6,8.2,8.3,7.2,8.0,8.0,15,18,49.01524,8.41763
ESKAR_089,Durlach,house,3,174,1,504975,2901,5.7,5.2,13.8,6.9,9.0,7.0,9.2,7.5,22,25,48.973693,8.454351
ESKAR_090,Innenstadt-West,apartment,3,62,0,294531,4761,3.8,3.7,12.0,7.4,8.5,7.5,7.8,9.5,28,8,49.00541,8.353247
ESKAR_091,Oststadt,house,3,99,1,330486,3328,0.9,1.3,9.5,8.3,8.3,7.2,8.0,8.0,15,18,49.015167,8.415967
ESKAR_092,Weststadt,apartment,3,73,1,330232,4520,2.1,2.0,10.5,8.5,9.2,8.5,9.0,8.8,45,12,49.008393,8.376671
ESKAR_093,Weststadt,house,2,243,0,1312292,5405,3.2,2.8,11.8,7.7,9.2,8.5,9.0,8.8,45,12,48.995829,8.369875
ESKAR_094,Südstadt,apartment,3,61,0,224683,3710,2.6,2.3,11.2,8.2,8.8,8.2,8.5,9.0,38,15,49.002037,8.372587
ESKAR_095,Innenstadt-West,apartment,2,102,0,427573,4186,1.6,0.9,10.6,7.9,8.5,7.5,7.8,9.5,28,8,48.999173,8.404525
ESKAR_096,Weststadt,house,4,160,1,666008,4162,3.1,2.7,11.8,7.9,9.2,8.5,9.0,8.8,45,12,48.996367,8.370095
ESKAR_097,Innenstadt-West,apartment,4,131,0,630352,4806,1.8,1.1,10.9,8.1,8.5,7.5,7.8,9.5,28,8,48.996829,8.402597
ESKAR_098,Weststadt,house,3,73,1,373652,5104,3.1,3.4,10.5,8.0,9.2,8.5,9.0,8.8,45,12,49.024547,8.365859
ESKAR_099,Weststadt,house,3,170,1,897029,5269,5.1,4.7,13.4,7.3,9.2,8.5,9.0,8.8,45,12,48.99277,8.342471
ESKAR_100,Weststadt,apartment,4,114,1,499738,4372,2.7,2.6,11.1,8.4,9.2,8.5,9.0,8.8,45,12,49.00659,8.368246
ESKAR_101,Weststadt,apartment,4,74,1,345343,4640,2.5,2.2,11.1,8.4,9.2,8.5,9.0,8.8,45,12,49.002719,8.373977
ESKAR_102,Weststadt,house,2,75,1,353329,4723,1.1,1.2,9.8,8.4,9.2,8.5,9.0,8.8,45,12,49.012419,8.389137
ESKAR_103,Weststadt,house,2,205,1,729893,3564,4.4,4.6,11.6,7.8,9.2,8.5,9.0,8.8,45,12,49.022605,8.346087
ESKAR_104,Südstadt,house,2,126,1,417803,3314,1.9,1.5,10.7,8.2,8.8,8.2,8.5,9.0,38,15,49.001986,8.384527
ESKAR_105,Weststadt,house,4,163,1,738573,4532,3.2,2.6,12.0,7.9,9.2,8.5,9.0,8.8,45,12,48.989364,8.3811
ESKAR_106,Innenstadt-West,house,2,164,0,777289,4731,3.1,2.7,11.7,7.4,8.5,7.5,7.8,9.5,28,8,48.991708,8.432101
ESKAR_107,Weststadt,apartment,2,94,0,530023,5609,3.1,2.9,11.5,7.7,9.2,8.5,9.0,8.8,45,12,49.003551,8.364295
ESKAR_108,Weststadt,apartment,4,63,0,266689,4246,3.1,3.2,10.9,7.9,9.2,8.5,9.0,8.8,45,12,49.016195,8.362793
ESKAR_109,Oststadt,house,5,87,1,379908,4355,1.7,1.6,10.2,8.0,8.3,7.2,8.0,8.0,15,18,49.007738,8.425703
ESKAR_110,Durlach,apartment,4,79,0,291984,3712,5.6,5.6,12.3,7.0,9.0,7.0,9.2,7.5,22,25,49.003229,8.480144
ESKAR_111,Weststadt,apartment,5,101,1,491749,4861,2.5,2.2,11.0,8.4,9.2,8.5,9.0,8.8,45,12,49.004767,8.373107
ESKAR_112,Durlach,apartment,3,55,0,183350,3341,5.4,5.4,12.3,6.9,9.0,7.0,9.2,7.5,22,25,49.00191,8.477032
ESKAR_113,Weststadt,apartment,2,100,1,343807,3427,3.1,2.4,12.0,7.8,9.2,8.5,9.0,8.8,45,12,48.987603,8.389178
ESKAR_114,Oststadt,apartment,3,108,1,521220,4833,0.7,0.7,9.7,8.3,8.3,7.2,8.0,8.0,15,18,49.01047,8.412241
ESKAR_115,Südstadt,apartment,4,50,1,201124,4022,3.7,3.0,12.6,7.7,8.8,8.2,8.5,9.0,38,15,48.982414,8.387397
ESKAR_116,Südstadt,house,3,63,1,254696,4065,2.8,2.1,11.8,8.2,8.8,8.2,8.5,9.0,38,15,48.987926,8.408465
ESKAR_117,Oststadt,apartment,4,119,0,437644,3672,1.5,2.2,9.1,8.1,8.3,7.2,8.0,8.0,15,18,49.026211,8.410434
ESKAR_118,Weststadt,house,4,120,1,507618,4224,1.1,0.7,10.1,8.5,9.2,8.5,9.0,8.8,45,12,49.005219,8.395008
ESKAR_119,Innenstadt-West,house,4,112,1,715207,6398,1.8,1.2,10.6,8.1,8.5,7.5,7.8,9.5,28,8,48.999864,8.416913
ESKAR_120,Weststadt,apartment,3,104,0,402119,3882,2.5,2.7,10.4,8.4,9.2,8.5,9.0,8.8,45,12,49.017736,8.371046
ESKAR_121,Südstadt,house,4,106,1,461723,4341,2.0,1.5,10.9,8.3,8.8,8.2,8.5,9.0,38,15,48.999917,8.385936
ESKAR_122,Durlach,apartment,3,120,0,552313,4597,6.0,5.9,12.6,6.9,9.0,7.0,9.2,7.5,22,25,49.000331,8.483928
ESKAR_123,Weststadt,apartment,4,113,1,563399,4972,1.4,1.4,10.0,8.5,9.2,8.5,9.0,8.8,45,12,49.011117,8.386007
ESKAR_124,Innenstadt-West,apartment,4,74,1,379984,5151,1.0,1.1,9.8,8.4,8.5,7.5,7.8,9.5,28,8,49.011706,8.391193
ESKAR_125,Weststadt,apartment,2,100,0,446098,4441,2.0,2.0,10.4,8.3,9.2,8.5,9.0,8.8,45,12,49.010904,8.376566
ESKAR_126,Innenstadt-West,house,4,200,0,1245298,6233,0.7,0.5,9.8,8.4,8.5,7.5,7.8,9.5,28,8,49.009036,8.397441
ESKAR_127,Mühlburg,house,4,147,0,444050,3020,2.0,2.3,9.9,7.9,8.0,6.8,8.2,7.8,12,20,49.020985,8.379804
ESKAR_128,Weststadt,apartment,3,78,1,363428,4660,2.9,2.8,11.1,8.4,9.2,8.5,9.0,8.8,45,12,49.008178,8.365316
ESKAR_129,Durlach,house,2,135,1,622021,4616,6.0,5.6,13.8,6.8,9.0,7.0,9.2,7.5,22,25,48.976548,8.465372
ESKAR_130,Weststadt,apartment,3,59,1,289072,4879,3.5,3.3,11.7,7.9,9.2,8.5,9.0,8.8,45,12,49.005123,8.358382
ESKAR_131,Weststadt,apartment,4,84,1,312607,3702,2.0,1.3,11.0,8.4,9.2,8.5,9.0,8.8,45,12,48.99543,8.4014
ESKAR_132,Südstadt,house,5,176,1,898853,5110,2.8,2.3,11.4,8.3,8.8,8.2,8.5,9.0,38,15,48.997934,8.374927
ESKAR_133,Durlach,apartment,5,97,1,371659,3842,6.1,5.9,13.0,7.0,9.0,7.0,9.2,7.5,22,25,48.994599,8.482247
ESKAR_134,Durlach,apartment,2,121,0,554325,4573,4.5,4.4,11.8,7.3,9.0,7.0,9.2,7.5,22,25,49.001814,8.463554
ESKAR_135,Weststadt,apartment,2,50,1,158682,3160,2.7,2.7,10.8,8.4,9.2,8.5,9.0,8.8,45,12,49.012547,8.367007
ESKAR_136,Weststadt,house,3,239,1,1174112,4915,1.9,1.4,10.7,8.5,9.2,8.5,9.0,8.8,45,12,49.001941,8.385487
ESKAR_137,Durlach,house,3,129,1,385098,2974,5.5,5.3,12.8,7.0,9.0,7.0,9.2,7.5,22,25,48.992867,8.473646
ESKAR_138,Innenstadt-West,apartment,3,68,0,328713,4827,2.0,1.8,10.5,8.0,8.5,7.5,7.8,9.5,28,8,49.007277,8.378676
ESKAR_139,Südstadt,apartment,4,78,0,371427,4783,2.1,1.5,11.0,8.3,8.8,8.2,8.5,9.0,38,15,48.99555,8.41469
ESKAR_140,Weststadt,apartment,2,135,1,653519,4830,1.3,1.3,10.0,8.4,9.2,8.5,9.0,8.8,45,12,49.010479,8.387128
ESKAR_141,Weststadt,apartment,2,93,1,384676,4142,0.3,1.1,9.4,8.7,9.2,8.5,9.0,8.8,45,12,49.016401,8.404829
ESKAR_142,Südstadt,apartment,2,64,1,356345,5550,2.2,1.6,11.2,8.2,8.8,8.2,8.5,9.0,38,15,48.994707,8.393335
ESKAR_143,Südstadt,apartment,3,62,0,194609,3149,1.4,1.0,10.2,8.3,8.8,8.2,8.5,9.0,38,15,49.005643,8.389839
ESKAR_144,Durlach,apartment,4,50,0,208272,4165,6.0,5.8,13.3,6.9,9.0,7.0,9.2,7.5,22,25,48.987884,8.477067
ESKAR_145,Südstadt,apartment,3,50,0,253473,5069,2.3,1.7,11.2,8.2,8.8,8.2,8.5,9.0,38,15,48.994272,8.415848
ESKAR_146,Innenstadt-West,house,4,153,1,728023,4760,1.1,0.4,10.2,8.2,8.5,7.5,7.8,9.5,28,8,49.003985,8.401854
ESKAR_147,Südstadt,apartment,3,61,0,301357,4931,2.5,2.2,11.0,8.2,8.8,8.2,8.5,9.0,38,15,49.003192,8.37428
ESKAR_148,Durlach,house,5,78,0,226074,2907,5.6,5.4,12.7,7.0,9.0,7.0,9.2,7.5,22,25,48.994176,8.474852
ESKAR_149,Weststadt,apartment,3,106,1,443903,4179,3.5,3.0,12.1,7.9,9.2,8.5,9.0,8.8,45,12,48.99298,8.36847
ESKAR_150,Weststadt,apartment,4,120,1,575994,4785,1.4,1.1,10.2,8.5,9.2,8.5,9.0,8.8,45,12,49.006005,8.389154
ESKAR_151,Weststadt,house,3,142,1,618357,4357,2.1,1.6,10.9,8.4,9.2,8.5,9.0,8.8,45,12,49.000025,8.38469
ESKAR_152,Weststadt,apartment,2,93,1,233160,2494,1.2,1.2,9.9,8.4,9.2,8.5,9.0,8.8,45,12,49.011425,8.38867
ESKAR_153,Südstadt,apartment,2,67,0,359695,5406,1.7,1.4,10.3,8.1,8.8,8.2,8.5,9.0,38,15,49.006443,8.384343
ESKAR_154,Durlach,house,4,139,1,578281,4167,5.3,5.4,11.4,7.1,9.0,7.0,9.2,7.5,22,25,49.016934,8.476716
ESKAR_155,Weststadt,apartment,4,63,0,241331,3826,0.5,0.8,9.6,8.8,9.2,8.5,9.0,8.8,45,12,49.013584,8.398201
ESKAR_156,Weststadt,apartment,5,115,1,568079,4934,1.1,0.5,10.2,8.5,9.2,8.5,9.0,8.8,45,12,49.004376,8.397906
ESKAR_157,Oststadt,apartment,3,116,1,559183,4813,0.9,1.3,9.5,8.3,8.3,7.2,8.0,8.0,15,18,49.0157,8.415537
ESKAR_158,Durlach,house,3,89,1,216613,2437,5.4,5.0,13.3,6.9,9.0,7.0,9.2,7.5,22,25,48.980463,8.458829
ESKAR_159,Weststadt,house,3,147,1,866046,5900,3.3,3.0,11.8,7.9,9.2,8.5,9.0,8.8,45,12,48.999899,8.363378
ESKAR_160,Südstadt,apartment,3,79,0,248782,3163,2.8,2.4,11.4,8.2,8.8,8.2,8.5,9.0,38,15,48.999801,8.372856
ESKAR_161,Südstadt,apartment,4,107,1,490655,4586,0.9,0.2,10.0,8.6,8.8,8.2,8.5,9.0,38,15,49.005755,8.405084
ESKAR_162,Weststadt,apartment,2,85,0,370527,4345,4.1,4.1,11.9,7.7,9.2,8.5,9.0,8.8,45,12,49.012431,8.348306
ESKAR_163,Weststadt,house,4,64,1,319632,5032,3.3,3.3,11.3,7.9,9.2,8.5,9.0,8.8,45,12,49.010868,8.358856
ESKAR_164,Südstadt,house,2,101,1,445569,4401,1.7,1.4,10.4,8.2,8.8,8.2,8.5,9.0,38,15,49.00551,8.384679
ESKAR_165,Südstadt,house,5,196,1,769771,3929,1.7,1.0,10.7,8.3,8.8,8.2,8.5,9.0,38,15,48.999249,8.395578
ESKAR_166,Mühlburg,apartment,4,83,0,355837,4292,4.6,4.7,11.9,7.3,8.0,6.8,8.2,7.8,12,20,49.020912,8.342661
ESKAR_167,Durlach,apartment,3,109,0,464471,4274,5.4,5.1,12.8,6.9,9.0,7.0,9.2,7.5,22,25,48.989892,8.469276
ESKAR_168,Innenstadt-West,house,4,229,0,1225305,5353,2.1,1.4,11.1,8.1,8.5,7.5,7.8,9.5,28,8,48.994522,8.403207
ESKAR_169,Weststadt,house,2,189,1,662174,3504,3.0,3.3,10.6,7.9,9.2,8.5,9.0,8.8,45,12,49.023134,8.365338
ESKAR_170,Südstadt,apartment,5,100,0,386524,3851,2.6,2.0,11.4,8.3,8.8,8.2,8.5,9.0,38,15,48.992277,8.418866
ESKAR_171,Innenstadt-West,apartment,2,98,0,476722,4886,1.8,1.3,10.6,7.9,8.5,7.5,7.8,9.5,28,8,49.001559,8.388013
ESKAR_172,Weststadt,apartment,2,62,0,243715,3901,2.7,2.3,11.3,8.2,9.2,8.5,9.0,8.8,45,12,48.999787,8.374211
ESKAR_173,Weststadt,apartment,3,116,0,539222,4657,4.5,4.4,12.3,7.8,9.2,8.5,9.0,8.8,45,12,49.007985,8.343794
ESKAR_174,Weststadt,apartment,5,107,1,469562,4373,3.3,3.7,10.6,8.0,9.2,8.5,9.0,8.8,45,12,49.026365,8.363125
ESKAR_175,Südstadt,apartment,2,65,0,236830,3631,1.2,0.9,10.1,8.2,8.8,8.2,8.5,9.0,38,15,49.006294,8.392032
ESKAR_176,Durlach,house,4,119,0,436197,3677,7.2,7.0,14.2,6.9,9.0,7.0,9.2,7.5,22,25,48.982829,8.491896
ESKAR_177,Südstadt,apartment,2,77,1,368913,4803,1.1,0.4,10.2,8.3,8.8,8.2,8.5,9.0,38,15,49.003617,8.404322
ESKAR_178,Weststadt,house,3,112,1,530742,4746,4.4,4.2,12.4,7.8,9.2,8.5,9.0,8.8,45,12,49.004511,8.346157
ESKAR_179,Südstadt,apartment,4,111,0,458904,4138,1.6,1.0,10.6,8.3,8.8,8.2,8.5,9.0,38,15,49.000313,8.394927
ESKAR_180,Südstadt,apartment,4,104,0,388069,3724,1.3,0.9,10.2,8.4,8.8,8.2,8.5,9.0,38,15,49.005996,8.391076
ESKAR_181,Weststadt,apartment,3,91,1,473357,5187,2.3,2.2,10.7,8.5,9.2,8.5,9.0,8.8,45,12,49.008605,8.373325
ESKAR_182,Innenstadt-West,apartment,2,50,0,244932,4899,1.6,1.4,10.2,8.0,8.5,7.5,7.8,9.5,28,8,49.00754,8.384557
ESKAR_183,Weststadt,house,5,160,1,521169,3251,2.3,2.1,10.7,8.5,9.2,8.5,9.0,8.8,45,12,49.00744,8.374667
ESKAR_184,Südstadt,house,4,162,1,830511,5139,3.1,2.4,12.0,7.7,8.8,8.2,8.5,9.0,38,15,48.987175,8.390498
ESKAR_185,Weststadt,apartment,2,76,0,319570,4210,3.1,2.9,11.5,7.7,9.2,8.5,9.0,8.8,45,12,49.002791,8.364499
ESKAR_186,Innenstadt-West,house,3,79,1,451824,5746,3.6,3.7,11.3,7.6,8.5,7.5,7.8,9.5,28,8,49.016024,8.355391
ESKAR_187,Weststadt,apartment,3,77,0,379821,4912,2.6,2.1,11.4,8.3,9.2,8.5,9.0,8.8,45,12,48.99519,8.381822
ESKAR_188,Durlach,house,3,124,1,497617,4002,4.8,4.6,12.2,7.5,9.0,7.0,9.2,7.5,22,25,48.996748,8.465506
ESKAR_189,Südstadt,house,2,100,1,410979,4100,1.6,1.0,10.6,8.2,8.8,8.2,8.5,9.0,38,15,48.999691,8.411649
ESKAR_190,Weststadt,apartment,2,119,0,398460,3343,4.1,3.8,12.4,7.6,9.2,8.5,9.0,8.8,45,12,48.998271,8.353121
ESKAR_191,Südstadt,apartment,4,119,0,461501,3893,2.7,2.0,11.7,8.3,8.8,8.2,8.5,9.0,38,15,48.988792,8.403869
ESKAR_192,Weststadt,apartment,3,125,1,714272,5702,1.0,1.6,9.5,8.5,9.2,8.5,9.0,8.8,45,12,49.019045,8.393226
ESKAR_193,Weststadt,apartment,2,92,0,417939,4532,2.9,3.2,10.4,8.3,9.2,8.5,9.0,8.8,45,12,49.024121,8.36822
ESKAR_194,Weststadt,house,5,108,1,449380,4165,1.2,1.7,9.5,8.5,9.2,8.5,9.0,8.8,45,12,49.019888,8.391706
ESKAR_195,Innenstadt-West,house,2,151,1,675995,4468,1.5,0.9,10.6,8.0,8.5,7.5,7.8,9.5,28,8,48.999821,8.408641
ESKAR_196,Innenstadt-West,house,3,151,1,1009838,6677,1.8,1.1,10.8,8.1,8.5,7.5,7.8,9.5,28,8,48.997644,8.400538
ESKAR_197,Weststadt,apartment,4,126,1,677863,5363,2.1,2.6,9.8,8.5,9.2,8.5,9.0,8.8,45,12,49.024893,8.381774
ESKAR_198,Weststadt,house,5,116,1,427675,3680,2.1,1.4,11.1,8.4,9.2,8.5,9.0,8.8,45,12,48.994087,8.404543
ESKAR_199,Oststadt,house,2,148,1,540397,3641,2.2,2.1,10.3,7.9,8.3,7.2,8.0,8.0,15,18,49.008354,8.432907
ESKAR_200,Durlach,apartment,5,111,0,443405,3997,6.2,6.0,13.3,6.9,9.0,7.0,9.2,7.5,22,25,48.988764,8.481065
ESKAR_201,Durlach,apartment,2,98,1,318840,3248,5.8,5.6,12.7,6.9,9.0,7.0,9.2,7.5,22,25,48.997203,8.479695
ESKAR_202,Durlach,house,3,160,1,799673,5005,5.4,5.4,12.1,7.0,9.0,7.0,9.2,7.5,22,25,49.004136,8.477311
ESKAR_203,Weststadt,apartment,4,98,1,370429,3772,2.4,2.5,10.5,8.5,9.2,8.5,9.0,8.8,45,12,49.015902,8.371623
ESKAR_204,Weststadt,house,4,192,1,937201,4894,1.3,0.6,10.3,8.5,9.2,8.5,9.0,8.8,45,12,49.002672,8.398749
ESKAR_205,Innenstadt-West,house,3,151,0,835705,5530,1.9,2.3,9.8,8.1,8.5,7.5,7.8,9.5,28,8,49.021448,8.381927
ESKAR_206,Mühlburg,house,3,122,1,408869,3356,1.2,1.0,10.0,7.9,8.0,6.8,8.2,7.8,12,20,49.008697,8.389604
ESKAR_207,Oststadt,apartment,3,132,0,626556,4746,1.3,0.7,10.4,7.9,8.3,7.2,8.0,8.0,15,18,49.002491,8.397115
ESKAR_208,Durlach,house,3,229,0,1070460,4683,7.1,6.9,13.6,6.8,9.0,7.0,9.2,7.5,22,25,48.99394,8.496832
ESKAR_209,Südstadt,apartment,4,74,1,312239,4198,1.8,1.6,10.3,8.3,8.8,8.2,8.5,9.0,38,15,49.008279,8.381427
ESKAR_210,Weststadt,house,4,178,1,761805,4282,3.5,3.5,11.3,7.9,9.2,8.5,9.0,8.8,45,12,49.01372,8.356575
ESKAR_211,Weststadt,apartment,2,102,1,574930,5636,4.0,3.6,12.6,7.7,9.2,8.5,9.0,8.8,45,12,48.993245,8.358337
ESKAR_212,Innenstadt-West,apartment,2,119,0,736643,6207,1.7,1.4,10.4,8.0,8.5,7.5,7.8,9.5,28,8,49.003858,8.421969
ESKAR_213,Weststadt,house,3,119,1,537106,4518,1.9,2.0,10.2,8.5,9.2,8.5,9.0,8.8,45,12,49.014614,8.378548
ESKAR_214,Weststadt,apartment,4,81,1,202756,2510,3.5,3.5,11.5,7.9,9.2,8.5,9.0,8.8,45,12,49.010918,8.356151
ESKAR_215,Weststadt,house,4,50,1,236005,4720,3.0,2.9,11.4,7.9,9.2,8.5,9.0,8.8,45,12,49.005291,8.364667
ESKAR_216,Innenstadt-West,house,4,154,0,753128,4886,1.1,0.8,10.0,8.2,8.5,7.5,7.8,9.5,28,8,49.008115,8.392198
ESKAR_217,Weststadt,house,5,106,1,471527,4432,1.9,1.2,10.8,8.5,9.2,8.5,9.0,8.8,45,12,48.997672,8.39609
ESKAR_218,Weststadt,apartment,2,93,0,390885,4224,2.4,1.9,11.3,8.2,9.2,8.5,9.0,8.8,45,12,48.99559,8.384753
ESKAR_219,Weststadt,apartment,5,108,0,436698,4060,4.0,3.9,12.0,7.9,9.2,8.5,9.0,8.8,45,12,49.007867,8.350262
ESKAR_220,Innenstadt-West,apartment,3,62,0,312013,5013,0.3,0.7,9.6,8.4,8.5,7.5,7.8,9.5,28,8,49.012571,8.400696
ESKAR_221,Innenstadt-West,house,2,123,1,726314,5908,1.4,0.8,10.5,8.0,8.5,7.5,7.8,9.5,28,8,49.001482,8.396709
ESKAR_222,Südstadt,house,4,128,1,545305,4254,2.1,1.7,10.9,8.3,8.8,8.2,8.5,9.0,38,15,49.001523,8.381286
ESKAR_223,Südstadt,apartment,2,79,0,453671,5758,0.8,1.5,9.3,8.5,8.8,8.2,8.5,9.0,38,15,49.0201,8.402987
ESKAR_224,Weststadt,apartment,4,74,1,286516,3881,3.0,2.9,11.3,7.9,9.2,8.5,9.0,8.8,45,12,49.006311,8.364011
ESKAR_225,Weststadt,house,4,82,1,277351,3376,2.6,2.5,11.0,8.4,9.2,8.5,9.0,8.8,45,12,49.00785,8.369323
ESKAR_226,Mühlburg,apartment,2,88,1,444890,5028,3.2,3.1,11.3,7.2,8.0,6.8,8.2,7.8,12,20,49.009541,8.360993
ESKAR_227,Weststadt,apartment,4,123,1,424495,3459,2.5,2.2,11.1,8.4,9.2,8.5,9.0,8.8,45,12,49.001219,8.375399
ESKAR_228,Weststadt,apartment,3,120,0,595419,4974,2.2,2.2,10.4,8.4,9.2,8.5,9.0,8.8,45,12,49.012267,8.374718
ESKAR_229,Weststadt,apartment,4,111,1,459230,4143,2.9,2.6,11.3,8.4,9.2,8.5,9.0,8.8,45,12,49.002622,8.368678
ESKAR_230,Weststadt,apartment,4,85,0,454319,5344,3.0,2.5,11.7,8.4,9.2,8.5,9.0,8.8,45,12,48.995268,8.374063
ESKAR_231,Mühlburg,apartment,5,119,0,463325,3903,3.7,4.1,10.6,7.4,8.0,6.8,8.2,7.8,12,20,49.031223,8.360893
ESKAR_232,Weststadt,house,3,212,1,926316,4375,2.1,2.0,10.5,8.5,9.2,8.5,9.0,8.8,45,12,49.00914,8.376616
ESKAR_233,Weststadt,apartment,4,135,0,613548,4538,0.9,0.8,9.8,8.8,9.2,8.5,9.0,8.8,45,12,49.010408,8.393457
ESKAR_234,Südstadt,house,3,120,0,571613,4761,0.4,0.4,9.7,8.5,8.8,8.2,8.5,9.0,38,15,49.009927,8.406309
ESKAR_235,Weststadt,house,2,113,1,614709,5416,3.1,2.4,12.1,7.8,9.2,8.5,9.0,8.8,45,12,48.986603,8.391957
ESKAR_236,Südstadt,apartment,3,91,0,450036,4948,2.5,2.1,11.1,8.2,8.8,8.2,8.5,9.0,38,15,49.001355,8.376014
ESKAR_237,Innenstadt-West,house,2,124,1,498450,4022,0.2,0.6,9.6,8.4,8.5,7.5,7.8,9.5,28,8,49.012143,8.406769
ESKAR_238,Innenstadt-West,apartment,3,116,1,626009,5410,2.2,1.5,11.2,8.1,8.5,7.5,7.8,9.5,28,8,48.993733,8.398959
ESKAR_239,Durlach,apartment,3,97,0,297593,3074,5.0,5.0,12.0,6.9,9.0,7.0,9.2,7.5,22,25,49.003404,8.47171
ESKAR_240,Südstadt,apartment,3,96,0,399064,4143,2.1,1.6,10.9,8.2,8.8,8.2,8.5,9.0,38,15,48.999366,8.38567
ESKAR_241,Innenstadt-West,apartment,3,79,1,456311,5767,0.1,0.8,9.5,8.5,8.5,7.5,7.8,9.5,28,8,49.014406,8.404782
ESKAR_242,Weststadt,apartment,4,112,0,631326,5626,2.3,1.9,10.9,8.4,9.2,8.5,9.0,8.8,45,12,49.001632,8.379209
ESKAR_243,Weststadt,house,2,65,1,239226,3704,3.6,3.4,11.8,7.8,9.2,8.5,9.0,8.8,45,12,49.003937,8.357895
ESKAR_244,Innenstadt-West,house,5,157,1,808650,5146,0.9,1.3,9.6,8.5,8.5,7.5,7.8,9.5,28,8,49.015891,8.392133
ESKAR_245,Durlach,house,3,111,1,433206,3915,4.4,4.2,12.0,7.5,9.0,7.0,9.2,7.5,22,25,48.997261,8.45979
ESKAR_246,Weststadt,apartment,4,106,0,340160,3199,3.7,4.2,10.5,8.0,9.2,8.5,9.0,8.8,45,12,49.033775,8.363889
ESKAR_247,Durlach,apartment,4,143,0,570627,4001,7.5,7.3,14.2,6.9,9.0,7.0,9.2,7.5,22,25,48.985769,8.498299
ESKAR_248,Weststadt,apartment,2,84,0,399104,4775,4.0,3.4,12.8,7.6,9.2,8.5,9.0,8.8,45,12,48.982872,8.375548
ESKAR_249,Innenstadt-West,apartment,4,87,0,437857,5012,1.7,1.4,10.4,8.1,8.5,7.5,7.8,9.5,28,8,49.005056,8.384523
ESKAR_250,Weststadt,house,5,131,0,644518,4913,4.9,4.5,13.5,7.8,9.2,8.5,9.0,8.8,45,12,48.986221,8.351129
ESKAR_251,Weststadt,apartment,2,117,0,525375,4486,4.5,4.3,12.6,7.6,9.2,8.5,9.0,8.8,45,12,49.001125,8.345572
ESKAR_252,Oststadt,house,2,105,1,418493,4003,2.3,2.5,10.2,7.9,8.3,7.2,8.0,8.0,15,18,49.012687,8.43614
ESKAR_253,Südstadt,apartment,5,80,0,256231,3202,3.5,3.1,12.2,7.7,8.8,8.2,8.5,9.0,38,15,48.993471,8.366653
ESKAR_254,Oststadt,apartment,4,113,1,460925,4078,1.2,0.7,10.2,8.0,8.3,7.2,8.0,8.0,15,18,49.004576,8.412754
ESKAR_255,Weststadt,house,4,112,1,439335,3934,4.6,4.6,12.3,7.9,9.2,8.5,9.0,8.8,45,12,49.010328,8.341423
ESKAR_256,Weststadt,apartment,4,103,0,549284,5343,3.6,3.4,11.7,7.9,9.2,8.5,9.0,8.8,45,12,49.005217,8.357344
ESKAR_257,Südstadt,house,4,148,1,656497,4428,1.6,1.4,10.2,8.4,8.8,8.2,8.5,9.0,38,15,49.007589,8.384513
ESKAR_258,Oststadt,house,3,72,1,291751,4046,1.2,0.7,10.2,8.0,8.3,7.2,8.0,8.0,15,18,49.003544,8.411769
ESKAR_259,Weststadt,apartment,3,111,1,622023,5584,3.0,3.2,10.7,8.0,9.2,8.5,9.0,8.8,45,12,49.019773,8.364007
ESKAR_260,Innenstadt-West,house,3,129,1,709742,5486,1.0,1.6,9.4,8.5,8.5,7.5,7.8,9.5,28,8,49.021234,8.39803
ESKAR_261,Oststadt,apartment,3,50,0,233217,4664,2.4,2.8,9.7,7.9,8.3,7.2,8.0,8.0,15,18,49.021712,8.435488
ESKAR_262,Südstadt,house,3,101,0,515160,5079,2.1,1.4,11.0,8.2,8.8,8.2,8.5,9.0,38,15,48.995698,8.413355
ESKAR_263,Weststadt,house,3,184,1,740983,4018,4.1,3.8,12.6,7.8,9.2,8.5,9.0,8.8,45,12,48.995066,8.355185
ESKAR_264,Mühlburg,apartment,4,89,0,317503,3573,2.5,2.3,11.0,7.8,8.0,6.8,8.2,7.8,12,20,49.005433,8.371894
ESKAR_265,Südstadt,house,2,96,0,500272,5207,2.2,1.5,11.1,8.1,8.8,8.2,8.5,9.0,38,15,48.996382,8.389818
ESKAR_266,Weststadt,apartment,2,88,1,408034,4655,1.1,0.9,9.9,8.4,9.2,8.5,9.0,8.8,45,12,49.00919,8.391297
ESKAR_267,Mühlburg,house,5,78,1,272322,3473,4.5,4.3,12.6,7.2,8.0,6.8,8.2,7.8,12,20,49.002037,8.345791
ESKAR_268,Südstadt,apartment,4,85,0,321930,3809,1.6,1.7,10.1,8.4,8.8,8.2,8.5,9.0,38,15,49.012277,8.381883
ESKAR_269,Weststadt,house,3,142,1,650724,4568,3.4,3.4,11.4,7.9,9.2,8.5,9.0,8.8,45,12,49.01184,8.357609
ESKAR_270,Südstadt,apartment,3,97,0,439092,4513,2.2,2.1,10.6,8.2,8.8,8.2,8.5,9.0,38,15,49.008995,8.375257
ESKAR_271,Südstadt,house,3,79,1,355163,4495,1.3,0.7,10.4,8.3,8.8,8.2,8.5,9.0,38,15,49.002409,8.397506
ESKAR_272,Südstadt,apartment,2,81,1,321164,3967,1.2,0.5,10.3,8.3,8.8,8.2,8.5,9.0,38,15,49.002801,8.403024
ESKAR_273,Oststadt,house,3,139,1,661779,4745,0.8,1.1,9.7,8.3,8.3,7.2,8.0,8.0,15,18,49.013905,8.393405
ESKAR_274,Weststadt,house,4,150,1,681914,4558,3.6,2.9,12.5,7.8,9.2,8.5,9.0,8.8,45,12,48.982703,8.389541
ESKAR_275,Mühlburg,apartment,4,100,1,333506,3323,3.8,4.2,10.6,7.4,8.0,6.8,8.2,7.8,12,20,49.031819,8.36074
ESKAR_276,Durlach,apartment,4,87,0,320936,3705,5.8,5.8,12.2,7.0,9.0,7.0,9.2,7.5,22,25,49.006936,8.483539
ESKAR_277,Weststadt,apartment,4,114,0,397999,3497,3.3,3.5,11.0,7.9,9.2,8.5,9.0,8.8,45,12,49.017912,8.359125
ESKAR_278,Durlach,house,3,119,0,459923,3879,5.9,5.9,12.3,6.9,9.0,7.0,9.2,7.5,22,25,49.005466,8.484576
ESKAR_279,Innenstadt-West,house,4,168,1,1028720,6128,0.7,1.4,9.4,8.5,8.5,7.5,7.8,9.5,28,8,49.018725,8.398972
ESKAR_280,Weststadt,apartment,2,50,0,210314,4206,4.0,3.6,12.6,7.6,9.2,8.5,9.0,8.8,45,12,48.990574,8.361814
ESKAR_281,Durlach,apartment,2,91,0,286674,3159,5.2,5.1,12.1,6.8,9.0,7.0,9.2,7.5,22,25,49.002986,8.473718
ESKAR_282,Durlach,apartment,2,86,0,265845,3092,5.0,4.7,12.6,7.3,9.0,7.0,9.2,7.5,22,25,48.989804,8.462163
ESKAR_283,Durlach,apartment,3,83,0,243374,2931,5.9,5.8,12.4,6.9,9.0,7.0,9.2,7.5,22,25,49.003234,8.483231
ESKAR_284,Mühlburg,apartment,3,69,1,239788,3494,6.3,6.4,13.3,6.7,8.0,6.8,8.2,7.8,12,20,49.02025,8.318407
ESKAR_285,Südstadt,apartment,2,62,1,295217,4734,0.7,0.2,9.8,8.5,8.8,8.2,8.5,9.0,38,15,49.007822,8.400845
ESKAR_286,Südstadt,apartment,2,72,0,281982,3942,1.6,1.5,10.2,8.2,8.8,8.2,8.5,9.0,38,15,49.008899,8.383279
ESKAR_287,Innenstadt-West,house,4,115,1,592847,5157,1.3,1.1,10.1,8.2,8.5,7.5,7.8,9.5,28,8,49.007054,8.388782
ESKAR_288,Durlach,house,3,106,0,350320,3315,3.6,3.6,11.0,7.5,9.0,7.0,9.2,7.5,22,25,49.008156,8.453512
ESKAR_289,Durlach,house,4,134,1,473571,3544,5.5,5.5,12.1,7.0,9.0,7.0,9.2,7.5,22,25,49.00635,8.479557
ESKAR_290,Weststadt,apartment,3,129,1,675521,5228,2.5,1.9,11.4,8.4,9.2,8.5,9.0,8.8,45,12,48.993619,8.388181
ESKAR_291,Mühlburg,apartment,5,64,0,268118,4215,2.8,3.2,10.1,7.9,8.0,6.8,8.2,7.8,12,20,49.027485,8.372937
ESKAR_292,Weststadt,house,5,50,1,180125,3602,2.9,2.8,11.2,8.4,9.2,8.5,9.0,8.8,45,12,49.007069,8.365442
ESKAR_293,Südstadt,house,4,189,1,659609,3483,1.8,1.1,10.9,8.3,8.8,8.2,8.5,9.0,38,15,48.996799,8.403033
ESKAR_294,Südstadt,apartment,3,114,0,434770,3805,0.5,1.1,9.5,8.6,8.8,8.2,8.5,9.0,38,15,49.016023,8.399346
ESKAR_295,Innenstadt-West,house,4,202,0,1109754,5496,1.9,1.4,10.8,8.1,8.5,7.5,7.8,9.5,28,8,48.999286,8.388771
ESKAR_296,Südstadt,house,2,70,1,251029,3574,1.7,1.2,10.6,8.2,8.8,8.2,8.5,9.0,38,15,49.00119,8.390271
ESKAR_297,Südstadt,apartment,3,88,0,400231,4545,1.7,1.0,10.6,8.2,8.8,8.2,8.5,9.0,38,15,49.00015,8.394037
ESKAR_298,Innenstadt-West,house,4,145,1,832588,5749,1.0,1.7,9.2,8.5,8.5,7.5,7.8,9.5,28,8,49.022376,8.403793
ESKAR_299,Weststadt,house,2,179,1,616428,3439,3.9,3.6,12.2,7.8,9.2,8.5,9.0,8.8,45,12,48.999478,8.355113
ESKAR_300,Weststadt,house,4,167,1,644207,3862,4.0,4.0,11.7,7.9,9.2,8.5,9.0,8.8,45,12,49.01367,8.349686
